Section Code,Organization Name,School Term,Genius School Term
ISS.CB.LA101.A.1,2 QA FocalPoint School,2526FY,13
ISS.CB.LA101.B.1,2 QA FocalPoint School,2526FY,13
ISS.CB.LA101.C.1,2 QA FocalPoint School,2526FY,13
ISS.CB.LA101.D.1,2 QA FocalPoint School,2526FY,13
ISS.CB.LA102.A.1,2 QA FocalPoint School,2526FY,13
ISS.CB.LA102.B.1,2 QA FocalPoint School,2526FY,13
ISS.CB.LA102.C.1,2 QA FocalPoint School,2526FY,13
ISS.CB.LA102.D.1,2 QA FocalPoint School,2526FY,13
ISS.CB.LA103.A.1,2 QA FocalPoint School,2526FY,13
ISS.CB.LA103.B.1,2 QA FocalPoint School,2526FY,13
ISS.CB.LA103.C.1,2 QA FocalPoint School,2526FY,13
ISS.CB.LA103.D.1,2 QA FocalPoint School,2526FY,13
ISS.CB.LA104.A.1,2 QA FocalPoint School,2526FY,13
ISS.CB.LA104.B.1,2 QA FocalPoint School,2526FY,13
ISS.CB.LA104.C.1,2 QA FocalPoint School,2526FY,13
ISS.CB.LA104.D.1,2 QA FocalPoint School,2526FY,13
ISS.CB.MA102.A.1,2 QA FocalPoint School,2526FY,13
ISS.CB.MA102.B.1,2 QA FocalPoint School,2526FY,13
ISS.CB.MA102.C.1,2 QA FocalPoint School,2526FY,13
ISS.CB.MA102.D.1,2 QA FocalPoint School,2526FY,13
ISS.CB.MA103.A.1,2 QA FocalPoint School,2526FY,13
ISS.CB.MA103.B.1,2 QA FocalPoint School,2526FY,13
ISS.CB.MA103.C.1,2 QA FocalPoint School,2526FY,13
ISS.CB.MA103.D.1,2 QA FocalPoint School,2526FY,13
ISS.CB.MA007.A.1,2 QA FocalPoint School,2526FY,13
ISS.CB.MA007.B.1,2 QA FocalPoint School,2526FY,13
ISS.CB.MA007.C.1,2 QA FocalPoint School,2526FY,13
ISS.CB.MA007.D.1,2 QA FocalPoint School,2526FY,13
ISS.CB.MA008.A.1,2 QA FocalPoint School,2526FY,13
ISS.CB.MA008.B.1,2 QA FocalPoint School,2526FY,13
ISS.CB.MA008.C.1,2 QA FocalPoint School,2526FY,13
ISS.CB.MA008.D.1,2 QA FocalPoint School,2526FY,13
ISS.CB.MA104.A.1,2 QA FocalPoint School,2526FY,13
ISS.CB.MA104.B.1,2 QA FocalPoint School,2526FY,13
ISS.CB.MA104.C.1,2 QA FocalPoint School,2526FY,13
ISS.CB.MA104.D.1,2 QA FocalPoint School,2526FY,13
ISS.CB.MA114.A.1,2 QA FocalPoint School,2526FY,13
ISS.CB.MA114.B.1,2 QA FocalPoint School,2526FY,13
ISS.CB.MA114.C.1,2 QA FocalPoint School,2526FY,13
ISS.CB.MA114.D.1,2 QA FocalPoint School,2526FY,13
ISS.CB.MA115.A.1,2 QA FocalPoint School,2526FY,13
ISS.CB.MA115.B.1,2 QA FocalPoint School,2526FY,13
ISS.CB.MA115.C.1,2 QA FocalPoint School,2526FY,13
ISS.CB.MA115.D.1,2 QA FocalPoint School,2526FY,13
ISS.CB.MA116.A.1,2 QA FocalPoint School,2526FY,13
ISS.CB.MA116.B.1,2 QA FocalPoint School,2526FY,13
ISS.CB.MA116.C.1,2 QA FocalPoint School,2526FY,13
ISS.CB.MA116.D.1,2 QA FocalPoint School,2526FY,13
ISS.CB.MA117.A.1,2 QA FocalPoint School,2526FY,13
ISS.CB.MA117.B.1,2 QA FocalPoint School,2526FY,13
ISS.CB.MA117.C.1,2 QA FocalPoint School,2526FY,13
ISS.CB.MA117.D.1,2 QA FocalPoint School,2526FY,13
ISS.CB.MA001.A.1,2 QA FocalPoint School,2526FY,13
ISS.CB.MA001.B.1,2 QA FocalPoint School,2526FY,13
ISS.CB.MA001.C.1,2 QA FocalPoint School,2526FY,13
ISS.CB.MA001.D.1,2 QA FocalPoint School,2526FY,13
ISS.CB.MA006.A.1,2 QA FocalPoint School,2526FY,13
ISS.CB.MA006.B.1,2 QA FocalPoint School,2526FY,13
ISS.CB.MA006.C.1,2 QA FocalPoint School,2526FY,13
ISS.CB.MA006.D.1,2 QA FocalPoint School,2526FY,13
ISS.CB.MA010.A.1,2 QA FocalPoint School,2526FY,13
ISS.CB.MA011.A.1,2 QA FocalPoint School,2526FY,13
ISS.CB.MA005.A.1,2 QA FocalPoint School,2526FY,13
ISS.CB.MA005.B.1,2 QA FocalPoint School,2526FY,13
ISS.CB.SC021.A.1,2 QA FocalPoint School,2526FY,13
ISS.CB.SC021.B.1,2 QA FocalPoint School,2526FY,13
ISS.CB.SC021.C.1,2 QA FocalPoint School,2526FY,13
ISS.CB.SC021.D.1,2 QA FocalPoint School,2526FY,13
ISS.CB.SC023.A.1,2 QA FocalPoint School,2526FY,13
ISS.CB.SC023.B.1,2 QA FocalPoint School,2526FY,13
ISS.CB.SC013.A.1,2 QA FocalPoint School,2526FY,13
ISS.CB.SC004.A.1,2 QA FocalPoint School,2526FY,13
ISS.CB.SC004.B.1,2 QA FocalPoint School,2526FY,13
ISS.CB.SC004.C.1,2 QA FocalPoint School,2526FY,13
ISS.CB.SC004.D.1,2 QA FocalPoint School,2526FY,13
ISS.CB.SC018.A.1,2 QA FocalPoint School,2526FY,13
ISS.CB.SC007.A.1,2 QA FocalPoint School,2526FY,13
ISS.CB.SC007.B.1,2 QA FocalPoint School,2526FY,13
ISS.CB.SC007.C.1,2 QA FocalPoint School,2526FY,13
ISS.CB.SC007.D.1,2 QA FocalPoint School,2526FY,13
ISS.CB.SC005.A.1,2 QA FocalPoint School,2526FY,13
ISS.CB.SC005.B.1,2 QA FocalPoint School,2526FY,13
ISS.CB.SC005.C.1,2 QA FocalPoint School,2526FY,13
ISS.CB.SC005.D.1,2 QA FocalPoint School,2526FY,13
ISS.CB.SC001.A.1,2 QA FocalPoint School,2526FY,13
ISS.CB.SC001.B.1,2 QA FocalPoint School,2526FY,13
ISS.CB.SC017.A.1,2 QA FocalPoint School,2526FY,13
ISS.CB.SC016.A.1,2 QA FocalPoint School,2526FY,13
ISS.CB.SC025.A.1,2 QA FocalPoint School,2526FY,13
ISS.CB.SC025.B.1,2 QA FocalPoint School,2526FY,13
ISS.CB.SC025.C.1,2 QA FocalPoint School,2526FY,13
ISS.CB.SC025.D.1,2 QA FocalPoint School,2526FY,13
ISS.CB.SC014.A.1,2 QA FocalPoint School,2526FY,13
ISS.CB.SC012.A.1,2 QA FocalPoint School,2526FY,13
ISS.CB.SC002.A.1,2 QA FocalPoint School,2526FY,13
ISS.CB.SC002.B.1,2 QA FocalPoint School,2526FY,13
ISS.CB.SC011.A.1,2 QA FocalPoint School,2526FY,13
ISS.CB.SC003.A.1,2 QA FocalPoint School,2526FY,13
ISS.CB.SC003.B.1,2 QA FocalPoint School,2526FY,13
ISS.CB.SC003.C.1,2 QA FocalPoint School,2526FY,13
ISS.CB.SC003.D.1,2 QA FocalPoint School,2526FY,13
ISS.CB.SC006.A.1,2 QA FocalPoint School,2526FY,13
ISS.CB.SC006.B.1,2 QA FocalPoint School,2526FY,13
ISS.CB.SC006.C.1,2 QA FocalPoint School,2526FY,13
ISS.CB.SC006.D.1,2 QA FocalPoint School,2526FY,13
ISS.CB.SC019.A.1,2 QA FocalPoint School,2526FY,13
ISS.CB.SC009.A.1,2 QA FocalPoint School,2526FY,13
ISS.CB.SC024.A.1,2 QA FocalPoint School,2526FY,13
ISS.CB.SC024.B.1,2 QA FocalPoint School,2526FY,13
ISS.CB.SC015.A.1,2 QA FocalPoint School,2526FY,13
ISS.CB.SC008.A.1,2 QA FocalPoint School,2526FY,13
ISS.CB.SS003.A.1,2 QA FocalPoint School,2526FY,13
ISS.CB.SS003.B.1,2 QA FocalPoint School,2526FY,13
ISS.CB.SS003.C.1,2 QA FocalPoint School,2526FY,13
ISS.CB.SS003.D.1,2 QA FocalPoint School,2526FY,13
ISS.CB.SS007.A.1,2 QA FocalPoint School,2526FY,13
ISS.CB.SS010.A.1,2 QA FocalPoint School,2526FY,13
ISS.CB.SS011.A.1,2 QA FocalPoint School,2526FY,13
ISS.CB.SS011.B.1,2 QA FocalPoint School,2526FY,13
ISS.CB.SS011.C.1,2 QA FocalPoint School,2526FY,13
ISS.CB.SS011.D.1,2 QA FocalPoint School,2526FY,13
ISS.CB.SS015.A.1,2 QA FocalPoint School,2526FY,13
ISS.CB.SS015.B.1,2 QA FocalPoint School,2526FY,13
ISS.CB.SS015.C.1,2 QA FocalPoint School,2526FY,13
ISS.CB.SS015.D.1,2 QA FocalPoint School,2526FY,13
ISS.CB.SS006.A.1,2 QA FocalPoint School,2526FY,13
ISS.CB.SS006.B.1,2 QA FocalPoint School,2526FY,13
ISS.CB.SS005.A.1,2 QA FocalPoint School,2526FY,13
ISS.CB.SS005.B.1,2 QA FocalPoint School,2526FY,13
ISS.CB.SS014.A.1,2 QA FocalPoint School,2526FY,13
ISS.CB.SS014.B.1,2 QA FocalPoint School,2526FY,13
ISS.CB.SS009.A.1,2 QA FocalPoint School,2526FY,13
ISS.CB.SS009.B.1,2 QA FocalPoint School,2526FY,13
ISS.CB.SS008.A.1,2 QA FocalPoint School,2526FY,13
ISS.CB.SS008.B.1,2 QA FocalPoint School,2526FY,13
ISS.CB.SS004.A.1,2 QA FocalPoint School,2526FY,13
ISS.CB.SS004.B.1,2 QA FocalPoint School,2526FY,13
ISS.CB.SS004.C.1,2 QA FocalPoint School,2526FY,13
ISS.CB.SS004.D.1,2 QA FocalPoint School,2526FY,13
ISS.CB.SS001.A.1,2 QA FocalPoint School,2526FY,13
ISS.CB.SS001.B.1,2 QA FocalPoint School,2526FY,13
ISS.CB.SS001.C.1,2 QA FocalPoint School,2526FY,13
ISS.CB.SS001.D.1,2 QA FocalPoint School,2526FY,13
ISS.CB.SS002.A.1,2 QA FocalPoint School,2526FY,13
ISS.CB.SS002.B.1,2 QA FocalPoint School,2526FY,13
ISS.CB.SS002.C.1,2 QA FocalPoint School,2526FY,13
ISS.CB.SS002.D.1,2 QA FocalPoint School,2526FY,13
ISS.CB.EL003.A.1,2 QA FocalPoint School,2526FY,13
ISS.CB.EL003.B.1,2 QA FocalPoint School,2526FY,13
ISS.CB.EL016.A.1,2 QA FocalPoint School,2526FY,13
ISS.CB.EL016.B.1,2 QA FocalPoint School,2526FY,13
ISS.CB.EL013.A.1,2 QA FocalPoint School,2526FY,13
ISS.CB.EL010.A.1,2 QA FocalPoint School,2526FY,13
ISS.CB.EL011.A.1,2 QA FocalPoint School,2526FY,13
ISS.CB.EL019.A.1,2 QA FocalPoint School,2526FY,13
ISS.CB.EL019.B.1,2 QA FocalPoint School,2526FY,13
ISS.CB.EL009.A.1,2 QA FocalPoint School,2526FY,13
ISS.CB.EL004.A.1,2 QA FocalPoint School,2526FY,13
ISS.CB.EL004.B.1,2 QA FocalPoint School,2526FY,13
ISS.CB.EL105.A.1,2 QA FocalPoint School,2526FY,13
ISS.CB.EL105.B.1,2 QA FocalPoint School,2526FY,13
ISS.CB.EL105.C.1,2 QA FocalPoint School,2526FY,13
ISS.CB.EL105.D.1,2 QA FocalPoint School,2526FY,13
ISS.CB.EL005.A.1,2 QA FocalPoint School,2526FY,13
ISS.CB.EL005.B.1,2 QA FocalPoint School,2526FY,13
ISS.CB.EL015.A.1,2 QA FocalPoint School,2526FY,13
ISS.CB.EL001.A.1,2 QA FocalPoint School,2526FY,13
ISS.CB.EL001.B.1,2 QA FocalPoint School,2526FY,13
ISS.CB.EL008.A.1,2 QA FocalPoint School,2526FY,13
ISS.CB.EL017.A.1,2 QA FocalPoint School,2526FY,13
ISS.CB.EL017.B.1,2 QA FocalPoint School,2526FY,13
ISS.CB.EL018.A.1,2 QA FocalPoint School,2526FY,13
ISS.CB.EL101.A.1,2 QA FocalPoint School,2526FY,13
ISS.CB.EL101.B.1,2 QA FocalPoint School,2526FY,13
ISS.CB.EL101.C.1,2 QA FocalPoint School,2526FY,13
ISS.CB.EL101.D.1,2 QA FocalPoint School,2526FY,13
ISS.CB.EL020.A.1,2 QA FocalPoint School,2526FY,13
ISS.CB.EL020.B.1,2 QA FocalPoint School,2526FY,13
ISS.CB.EL020.C.1,2 QA FocalPoint School,2526FY,13
ISS.CB.EL020.D.1,2 QA FocalPoint School,2526FY,13
ISS.CB.FL005.A.1,2 QA FocalPoint School,2526FY,13
ISS.CB.FL005.B.1,2 QA FocalPoint School,2526FY,13
ISS.CB.FL005.C.1,2 QA FocalPoint School,2526FY,13
ISS.CB.FL005.D.1,2 QA FocalPoint School,2526FY,13
ISS.CB.FL006.A.1,2 QA FocalPoint School,2526FY,13
ISS.CB.FL006.B.1,2 QA FocalPoint School,2526FY,13
ISS.CB.FL006.C.1,2 QA FocalPoint School,2526FY,13
ISS.CB.FL006.D.1,2 QA FocalPoint School,2526FY,13
ISS.CB.FL007.A.1,2 QA FocalPoint School,2526FY,13
ISS.CB.FL007.B.1,2 QA FocalPoint School,2526FY,13
ISS.CB.FL007.C.1,2 QA FocalPoint School,2526FY,13
ISS.CB.FL007.D.1,2 QA FocalPoint School,2526FY,13
ISS.CB.FL008.A.1,2 QA FocalPoint School,2526FY,13
ISS.CB.FL008.B.1,2 QA FocalPoint School,2526FY,13
ISS.CB.FL008.C.1,2 QA FocalPoint School,2526FY,13
ISS.CB.FL008.D.1,2 QA FocalPoint School,2526FY,13
ISS.CB.FL009.A.1,2 QA FocalPoint School,2526FY,13
ISS.CB.FL009.B.1,2 QA FocalPoint School,2526FY,13
ISS.CB.FL009.C.1,2 QA FocalPoint School,2526FY,13
ISS.CB.FL009.D.1,2 QA FocalPoint School,2526FY,13
ISS.CB.FL010.A.1,2 QA FocalPoint School,2526FY,13
ISS.CB.FL010.B.1,2 QA FocalPoint School,2526FY,13
ISS.CB.FL010.C.1,2 QA FocalPoint School,2526FY,13
ISS.CB.FL010.D.1,2 QA FocalPoint School,2526FY,13
ISS.CB.FL001.A.1,2 QA FocalPoint School,2526FY,13
ISS.CB.FL001.B.1,2 QA FocalPoint School,2526FY,13
ISS.CB.FL001.C.1,2 QA FocalPoint School,2526FY,13
ISS.CB.FL001.D.1,2 QA FocalPoint School,2526FY,13
ISS.CB.FL002.A.1,2 QA FocalPoint School,2526FY,13
ISS.CB.FL002.B.1,2 QA FocalPoint School,2526FY,13
ISS.CB.FL002.C.1,2 QA FocalPoint School,2526FY,13
ISS.CB.FL002.D.1,2 QA FocalPoint School,2526FY,13
ISS.CB.FL003.A.1,2 QA FocalPoint School,2526FY,13
ISS.CB.FL003.B.1,2 QA FocalPoint School,2526FY,13
ISS.CB.FL003.C.1,2 QA FocalPoint School,2526FY,13
ISS.CB.FL003.D.1,2 QA FocalPoint School,2526FY,13
ISS.CB.FL004.A.1,2 QA FocalPoint School,2526FY,13
ISS.CB.FL004.B.1,2 QA FocalPoint School,2526FY,13
ISS.CB.FL004.C.1,2 QA FocalPoint School,2526FY,13
ISS.CB.FL004.D.1,2 QA FocalPoint School,2526FY,13
ISS.CP.LA007.A.1,2 QA FocalPoint School,2526FY,13
ISS.CP.LA007.B.1,2 QA FocalPoint School,2526FY,13
ISS.CP.LA007.C.1,2 QA FocalPoint School,2526FY,13
ISS.CP.LA007.D.1,2 QA FocalPoint School,2526FY,13
ISS.CP.LA008.A.1,2 QA FocalPoint School,2526FY,13
ISS.CP.LA008.B.1,2 QA FocalPoint School,2526FY,13
ISS.CP.LA008.C.1,2 QA FocalPoint School,2526FY,13
ISS.CP.LA008.D.1,2 QA FocalPoint School,2526FY,13
ISS.CP.LA009.A.1,2 QA FocalPoint School,2526FY,13
ISS.CP.LA009.B.1,2 QA FocalPoint School,2526FY,13
ISS.CP.LA009.C.1,2 QA FocalPoint School,2526FY,13
ISS.CP.LA009.D.1,2 QA FocalPoint School,2526FY,13
ISS.CP.LA010.A.1,2 QA FocalPoint School,2526FY,13
ISS.CP.LA010.B.1,2 QA FocalPoint School,2526FY,13
ISS.CP.LA010.C.1,2 QA FocalPoint School,2526FY,13
ISS.CP.LA010.D.1,2 QA FocalPoint School,2526FY,13
ISS.CP.MA002.A.1,2 QA FocalPoint School,2526FY,13
ISS.CP.MA002.B.1,2 QA FocalPoint School,2526FY,13
ISS.CP.MA002.C.1,2 QA FocalPoint School,2526FY,13
ISS.CP.MA002.D.1,2 QA FocalPoint School,2526FY,13
ISS.CP.MA003.A.1,2 QA FocalPoint School,2526FY,13
ISS.CP.MA003.B.1,2 QA FocalPoint School,2526FY,13
ISS.CP.MA003.C.1,2 QA FocalPoint School,2526FY,13
ISS.CP.MA003.D.1,2 QA FocalPoint School,2526FY,13
ISS.CP.MA004.A.1,2 QA FocalPoint School,2526FY,13
ISS.CP.MA004.B.1,2 QA FocalPoint School,2526FY,13
ISS.CP.MA004.C.1,2 QA FocalPoint School,2526FY,13
ISS.CP.MA004.D.1,2 QA FocalPoint School,2526FY,13
ISS.CP.MA001.A.1,2 QA FocalPoint School,2526FY,13
ISS.CP.MA001.B.1,2 QA FocalPoint School,2526FY,13
ISS.CP.MA001.C.1,2 QA FocalPoint School,2526FY,13
ISS.CP.MA001.D.1,2 QA FocalPoint School,2526FY,13
ISS.CP.SC004.A.1,2 QA FocalPoint School,2526FY,13
ISS.CP.SC004.B.1,2 QA FocalPoint School,2526FY,13
ISS.CP.SC004.C.1,2 QA FocalPoint School,2526FY,13
ISS.CP.SC004.D.1,2 QA FocalPoint School,2526FY,13
ISS.CP.SC007.A.1,2 QA FocalPoint School,2526FY,13
ISS.CP.SC007.B.1,2 QA FocalPoint School,2526FY,13
ISS.CP.SC007.C.1,2 QA FocalPoint School,2526FY,13
ISS.CP.SC007.D.1,2 QA FocalPoint School,2526FY,13
ISS.CP.SC005.A.1,2 QA FocalPoint School,2526FY,13
ISS.CP.SC005.B.1,2 QA FocalPoint School,2526FY,13
ISS.CP.SC005.C.1,2 QA FocalPoint School,2526FY,13
ISS.CP.SC005.D.1,2 QA FocalPoint School,2526FY,13
ISS.CP.SC006.A.1,2 QA FocalPoint School,2526FY,13
ISS.CP.SC006.B.1,2 QA FocalPoint School,2526FY,13
ISS.CP.SC006.C.1,2 QA FocalPoint School,2526FY,13
ISS.CP.SC006.D.1,2 QA FocalPoint School,2526FY,13
ISS.CP.SS003.A.1,2 QA FocalPoint School,2526FY,13
ISS.CP.SS003.B.1,2 QA FocalPoint School,2526FY,13
ISS.CP.SS003.C.1,2 QA FocalPoint School,2526FY,13
ISS.CP.SS003.D.1,2 QA FocalPoint School,2526FY,13
ISS.CP.SS004.A.1,2 QA FocalPoint School,2526FY,13
ISS.CP.SS004.B.1,2 QA FocalPoint School,2526FY,13
ISS.CP.SS004.C.1,2 QA FocalPoint School,2526FY,13
ISS.CP.SS004.D.1,2 QA FocalPoint School,2526FY,13
ISS.CP.SS002.A.1,2 QA FocalPoint School,2526FY,13
ISS.CP.SS002.B.1,2 QA FocalPoint School,2526FY,13
ISS.CP.SS002.C.1,2 QA FocalPoint School,2526FY,13
ISS.CP.SS002.D.1,2 QA FocalPoint School,2526FY,13
ISS.CP.FL001.A.1,2 QA FocalPoint School,2526FY,13
ISS.CP.FL001.B.1,2 QA FocalPoint School,2526FY,13
ISS.CP.FL001.C.1,2 QA FocalPoint School,2526FY,13
ISS.CP.FL001.D.1,2 QA FocalPoint School,2526FY,13
ISS.CP.FL002.A.1,2 QA FocalPoint School,2526FY,13
ISS.CP.FL002.B.1,2 QA FocalPoint School,2526FY,13
ISS.CP.FL002.C.1,2 QA FocalPoint School,2526FY,13
ISS.CP.FL002.D.1,2 QA FocalPoint School,2526FY,13
ISS.SS.LA001.A.1,2 QA FocalPoint School,2526FY,13
ISS.SS.LA001.B.1,2 QA FocalPoint School,2526FY,13
ISS.SS.LA002.A.1,2 QA FocalPoint School,2526FY,13
ISS.SS.LA002.B.1,2 QA FocalPoint School,2526FY,13
ISS.SS.LA003.A.1,2 QA FocalPoint School,2526FY,13
ISS.SS.LA003.B.1,2 QA FocalPoint School,2526FY,13
ISS.SS.LA004.A.1,2 QA FocalPoint School,2526FY,13
ISS.SS.LA004.B.1,2 QA FocalPoint School,2526FY,13
ISS.SS.MA102.A.1,2 QA FocalPoint School,2526FY,13
ISS.SS.MA102.B.1,2 QA FocalPoint School,2526FY,13
ISS.SS.MA103.A.1,2 QA FocalPoint School,2526FY,13
ISS.SS.MA103.B.1,2 QA FocalPoint School,2526FY,13
ISS.SS.MA007.A.1,2 QA FocalPoint School,2526FY,13
ISS.SS.MA007.B.1,2 QA FocalPoint School,2526FY,13
ISS.SS.MA008.A.1,2 QA FocalPoint School,2526FY,13
ISS.SS.MA008.B.1,2 QA FocalPoint School,2526FY,13
ISS.SS.MA104.A.1,2 QA FocalPoint School,2526FY,13
ISS.SS.MA104.B.1,2 QA FocalPoint School,2526FY,13
ISS.SS.MA114.A.1,2 QA FocalPoint School,2526FY,13
ISS.SS.MA114.B.1,2 QA FocalPoint School,2526FY,13
ISS.SS.MA115.A.1,2 QA FocalPoint School,2526FY,13
ISS.SS.MA115.B.1,2 QA FocalPoint School,2526FY,13
ISS.SS.MA116.A.1,2 QA FocalPoint School,2526FY,13
ISS.SS.MA116.B.1,2 QA FocalPoint School,2526FY,13
ISS.SS.MA117.A.1,2 QA FocalPoint School,2526FY,13
ISS.SS.MA117.B.1,2 QA FocalPoint School,2526FY,13
ISS.SS.MA001.A.1,2 QA FocalPoint School,2526FY,13
ISS.SS.MA001.B.1,2 QA FocalPoint School,2526FY,13
ISS.SS.MA006.A.1,2 QA FocalPoint School,2526FY,13
ISS.SS.MA006.B.1,2 QA FocalPoint School,2526FY,13
ISS.SS.SC021.A.1,2 QA FocalPoint School,2526FY,13
ISS.SS.SC021.B.1,2 QA FocalPoint School,2526FY,13
ISS.SS.SC004.A.1,2 QA FocalPoint School,2526FY,13
ISS.SS.SC004.B.1,2 QA FocalPoint School,2526FY,13
ISS.SS.SC007.A.1,2 QA FocalPoint School,2526FY,13
ISS.SS.SC007.B.1,2 QA FocalPoint School,2526FY,13
ISS.SS.SC005.A.1,2 QA FocalPoint School,2526FY,13
ISS.SS.SC005.B.1,2 QA FocalPoint School,2526FY,13
ISS.SS.SC003.A.1,2 QA FocalPoint School,2526FY,13
ISS.SS.SC003.B.1,2 QA FocalPoint School,2526FY,13
ISS.SS.SC006.A.1,2 QA FocalPoint School,2526FY,13
ISS.SS.SC006.B.1,2 QA FocalPoint School,2526FY,13
ISS.SS.SS003.A.1,2 QA FocalPoint School,2526FY,13
ISS.SS.SS003.B.1,2 QA FocalPoint School,2526FY,13
ISS.SS.SS011.A.1,2 QA FocalPoint School,2526FY,13
ISS.SS.SS004.A.1,2 QA FocalPoint School,2526FY,13
ISS.SS.SS004.B.1,2 QA FocalPoint School,2526FY,13
ISS.SS.SS001.A.1,2 QA FocalPoint School,2526FY,13
ISS.SS.SS001.B.1,2 QA FocalPoint School,2526FY,13
ISS.SS.SS002.A.1,2 QA FocalPoint School,2526FY,13
ISS.SS.SS002.B.1,2 QA FocalPoint School,2526FY,13
ISS.SS.FL005.A.1,2 QA FocalPoint School,2526FY,13
ISS.SS.FL005.B.1,2 QA FocalPoint School,2526FY,13
ISS.SS.FL006.A.1,2 QA FocalPoint School,2526FY,13
ISS.SS.FL006.B.1,2 QA FocalPoint School,2526FY,13
ISS.SS.FL009.A.1,2 QA FocalPoint School,2526FY,13
ISS.SS.FL009.B.1,2 QA FocalPoint School,2526FY,13
ISS.SS.FL010.A.1,2 QA FocalPoint School,2526FY,13
ISS.SS.FL010.B.1,2 QA FocalPoint School,2526FY,13
ISS.SS.FL001.A.1,2 QA FocalPoint School,2526FY,13
ISS.SS.FL001.B.1,2 QA FocalPoint School,2526FY,13
ISS.SS.FL002.A.1,2 QA FocalPoint School,2526FY,13
ISS.SS.FL002.B.1,2 QA FocalPoint School,2526FY,13
ISS.HH.LA101.A.1,2 QA FocalPoint School,2526FY,13
ISS.HH.LA101.B.1,2 QA FocalPoint School,2526FY,13
ISS.HH.LA101.C.1,2 QA FocalPoint School,2526FY,13
ISS.HH.LA101.D.1,2 QA FocalPoint School,2526FY,13
ISS.HH.LA102.A.1,2 QA FocalPoint School,2526FY,13
ISS.HH.LA102.B.1,2 QA FocalPoint School,2526FY,13
ISS.HH.LA102.C.1,2 QA FocalPoint School,2526FY,13
ISS.HH.LA102.D.1,2 QA FocalPoint School,2526FY,13
ISS.HH.LA103.A.1,2 QA FocalPoint School,2526FY,13
ISS.HH.LA103.B.1,2 QA FocalPoint School,2526FY,13
ISS.HH.LA103.C.1,2 QA FocalPoint School,2526FY,13
ISS.HH.LA103.D.1,2 QA FocalPoint School,2526FY,13
ISS.HH.LA104.A.1,2 QA FocalPoint School,2526FY,13
ISS.HH.LA104.B.1,2 QA FocalPoint School,2526FY,13
ISS.HH.LA104.C.1,2 QA FocalPoint School,2526FY,13
ISS.HH.LA104.D.1,2 QA FocalPoint School,2526FY,13
ISS.HH.MA002.A.1,2 QA FocalPoint School,2526FY,13
ISS.HH.MA002.B.1,2 QA FocalPoint School,2526FY,13
ISS.HH.MA002.C.1,2 QA FocalPoint School,2526FY,13
ISS.HH.MA002.D.1,2 QA FocalPoint School,2526FY,13
ISS.HH.MA003.A.1,2 QA FocalPoint School,2526FY,13
ISS.HH.MA003.B.1,2 QA FocalPoint School,2526FY,13
ISS.HH.MA003.C.1,2 QA FocalPoint School,2526FY,13
ISS.HH.MA003.D.1,2 QA FocalPoint School,2526FY,13
ISS.HH.MA104.A.1,2 QA FocalPoint School,2526FY,13
ISS.HH.MA104.B.1,2 QA FocalPoint School,2526FY,13
ISS.HH.MA104.C.1,2 QA FocalPoint School,2526FY,13
ISS.HH.MA104.D.1,2 QA FocalPoint School,2526FY,13
ISS.HH.SC004.A.1,2 QA FocalPoint School,2526FY,13
ISS.HH.SC004.B.1,2 QA FocalPoint School,2526FY,13
ISS.HH.SC004.C.1,2 QA FocalPoint School,2526FY,13
ISS.HH.SC004.D.1,2 QA FocalPoint School,2526FY,13
ISS.HH.SC007.A.1,2 QA FocalPoint School,2526FY,13
ISS.HH.SC007.B.1,2 QA FocalPoint School,2526FY,13
ISS.HH.SC007.C.1,2 QA FocalPoint School,2526FY,13
ISS.HH.SC007.D.1,2 QA FocalPoint School,2526FY,13
ISS.HH.SS003.A.1,2 QA FocalPoint School,2526FY,13
ISS.HH.SS003.B.1,2 QA FocalPoint School,2526FY,13
ISS.HH.SS003.C.1,2 QA FocalPoint School,2526FY,13
ISS.HH.SS003.D.1,2 QA FocalPoint School,2526FY,13
ISS.MS.LA006.A.1,2 QA FocalPoint School,2526FY,13
ISS.MS.LA006.B.1,2 QA FocalPoint School,2526FY,13
ISS.MS.LA006.C.1,2 QA FocalPoint School,2526FY,13
ISS.MS.LA006.D.1,2 QA FocalPoint School,2526FY,13
ISS.MS.LA007.A.1,2 QA FocalPoint School,2526FY,13
ISS.MS.LA007.B.1,2 QA FocalPoint School,2526FY,13
ISS.MS.LA007.C.1,2 QA FocalPoint School,2526FY,13
ISS.MS.LA007.D.1,2 QA FocalPoint School,2526FY,13
ISS.MS.LA008.A.1,2 QA FocalPoint School,2526FY,13
ISS.MS.LA008.B.1,2 QA FocalPoint School,2526FY,13
ISS.MS.LA008.C.1,2 QA FocalPoint School,2526FY,13
ISS.MS.LA008.D.1,2 QA FocalPoint School,2526FY,13
ISS.MS.MA006.A.1,2 QA FocalPoint School,2526FY,13
ISS.MS.MA006.B.1,2 QA FocalPoint School,2526FY,13
ISS.MS.MA006.C.1,2 QA FocalPoint School,2526FY,13
ISS.MS.MA006.D.1,2 QA FocalPoint School,2526FY,13
ISS.MS.MA007.A.1,2 QA FocalPoint School,2526FY,13
ISS.MS.MA007.B.1,2 QA FocalPoint School,2526FY,13
ISS.MS.MA007.C.1,2 QA FocalPoint School,2526FY,13
ISS.MS.MA007.D.1,2 QA FocalPoint School,2526FY,13
ISS.MS.MA008.A.1,2 QA FocalPoint School,2526FY,13
ISS.MS.MA008.B.1,2 QA FocalPoint School,2526FY,13
ISS.MS.MA008.C.1,2 QA FocalPoint School,2526FY,13
ISS.MS.MA008.D.1,2 QA FocalPoint School,2526FY,13
ISS.MS.SC006.A.1,2 QA FocalPoint School,2526FY,13
ISS.MS.SC006.B.1,2 QA FocalPoint School,2526FY,13
ISS.MS.SC006.C.1,2 QA FocalPoint School,2526FY,13
ISS.MS.SC006.D.1,2 QA FocalPoint School,2526FY,13
ISS.MS.SC007.A.1,2 QA FocalPoint School,2526FY,13
ISS.MS.SC007.B.1,2 QA FocalPoint School,2526FY,13
ISS.MS.SC007.C.1,2 QA FocalPoint School,2526FY,13
ISS.MS.SC007.D.1,2 QA FocalPoint School,2526FY,13
ISS.MS.SC008.A.1,2 QA FocalPoint School,2526FY,13
ISS.MS.SC008.B.1,2 QA FocalPoint School,2526FY,13
ISS.MS.SC008.C.1,2 QA FocalPoint School,2526FY,13
ISS.MS.SC008.D.1,2 QA FocalPoint School,2526FY,13
ISS.MS.SC005.A.1,2 QA FocalPoint School,2526FY,13
ISS.MS.SC005.B.1,2 QA FocalPoint School,2526FY,13
ISS.MS.SC005.C.1,2 QA FocalPoint School,2526FY,13
ISS.MS.SC005.D.1,2 QA FocalPoint School,2526FY,13
ISS.MS.SC002.A.1,2 QA FocalPoint School,2526FY,13
ISS.MS.SC002.B.1,2 QA FocalPoint School,2526FY,13
ISS.MS.SC002.C.1,2 QA FocalPoint School,2526FY,13
ISS.MS.SC002.D.1,2 QA FocalPoint School,2526FY,13
ISS.MS.SC003.A.1,2 QA FocalPoint School,2526FY,13
ISS.MS.SC003.B.1,2 QA FocalPoint School,2526FY,13
ISS.MS.SC003.C.1,2 QA FocalPoint School,2526FY,13
ISS.MS.SC003.D.1,2 QA FocalPoint School,2526FY,13
ISS.MS.SS006.A.1,2 QA FocalPoint School,2526FY,13
ISS.MS.SS006.B.1,2 QA FocalPoint School,2526FY,13
ISS.MS.SS006.C.1,2 QA FocalPoint School,2526FY,13
ISS.MS.SS006.D.1,2 QA FocalPoint School,2526FY,13
ISS.MS.SS007.A.1,2 QA FocalPoint School,2526FY,13
ISS.MS.SS007.B.1,2 QA FocalPoint School,2526FY,13
ISS.MS.SS007.C.1,2 QA FocalPoint School,2526FY,13
ISS.MS.SS007.D.1,2 QA FocalPoint School,2526FY,13
ISS.MS.SS008.A.1,2 QA FocalPoint School,2526FY,13
ISS.MS.SS008.B.1,2 QA FocalPoint School,2526FY,13
ISS.MS.SS008.C.1,2 QA FocalPoint School,2526FY,13
ISS.MS.SS008.D.1,2 QA FocalPoint School,2526FY,13
ISS.MS.EL001.A.1,2 QA FocalPoint School,2526FY,13
ISS.MS.EL001.B.1,2 QA FocalPoint School,2526FY,13
ISS.MS.EL005.A.1,2 QA FocalPoint School,2526FY,13
ISS.MS.EL005.B.1,2 QA FocalPoint School,2526FY,13
ISS.MS.EL006.A.1,2 QA FocalPoint School,2526FY,13
ISS.MS.EL002.A.1,2 QA FocalPoint School,2526FY,13
ISS.MS.EL002.B.1,2 QA FocalPoint School,2526FY,13
ISS.MS.EL101.A.1,2 QA FocalPoint School,2526FY,13
ISS.MS.EL101.B.1,2 QA FocalPoint School,2526FY,13
ISS.MS.EL101.C.1,2 QA FocalPoint School,2526FY,13
ISS.MS.EL101.D.1,2 QA FocalPoint School,2526FY,13
ISS.MS.EL003.A.1,2 QA FocalPoint School,2526FY,13
ISS.MS.EL004.A.1,2 QA FocalPoint School,2526FY,13
ISS.MSSS.LA006.A.1,2 QA FocalPoint School,2526FY,13
ISS.MSSS.LA006.B.1,2 QA FocalPoint School,2526FY,13
ISS.MSSS.LA007.A.1,2 QA FocalPoint School,2526FY,13
ISS.MSSS.LA007.B.1,2 QA FocalPoint School,2526FY,13
ISS.MSSS.LA008.A.1,2 QA FocalPoint School,2526FY,13
ISS.MSSS.LA008.B.1,2 QA FocalPoint School,2526FY,13
ISS.MSSS.MA006.A.1,2 QA FocalPoint School,2526FY,13
ISS.MSSS.MA006.B.1,2 QA FocalPoint School,2526FY,13
ISS.MSSS.MA007.A.1,2 QA FocalPoint School,2526FY,13
ISS.MSSS.MA007.B.1,2 QA FocalPoint School,2526FY,13
ISS.MSSS.MA008.A.1,2 QA FocalPoint School,2526FY,13
ISS.MSSS.MA008.B.1,2 QA FocalPoint School,2526FY,13
ISS.MSSS.SC006.A.1,2 QA FocalPoint School,2526FY,13
ISS.MSSS.SC006.B.1,2 QA FocalPoint School,2526FY,13
ISS.MSSS.SC007.A.1,2 QA FocalPoint School,2526FY,13
ISS.MSSS.SC007.B.1,2 QA FocalPoint School,2526FY,13
ISS.MSSS.SC008.A.1,2 QA FocalPoint School,2526FY,13
ISS.MSSS.SC008.B.1,2 QA FocalPoint School,2526FY,13
ISS.MSSS.SS006.A.1,2 QA FocalPoint School,2526FY,13
ISS.MSSS.SS006.B.1,2 QA FocalPoint School,2526FY,13
ISS.MSSS.SS007.A.1,2 QA FocalPoint School,2526FY,13
ISS.MSSS.SS007.B.1,2 QA FocalPoint School,2526FY,13
ISS.MSSS.SS008.A.1,2 QA FocalPoint School,2526FY,13
ISS.MSSS.SS008.B.1,2 QA FocalPoint School,2526FY,13
ISS.HS.LA007.A.1,2 QA FocalPoint School,2526FY,13
ISS.HS.MA013.A.1,2 QA FocalPoint School,2526FY,13
ISS.CCHM.MA102.A.1,2 QA FocalPoint School,2526FY,13
ISS.CCHM.MA102.B.1,2 QA FocalPoint School,2526FY,13
ISS.CCHM.MA102.C.1,2 QA FocalPoint School,2526FY,13
ISS.CCHM.MA102.D.1,2 QA FocalPoint School,2526FY,13
ISS.CCHM.MA104.A.1,2 QA FocalPoint School,2526FY,13
ISS.CCHM.MA104.B.1,2 QA FocalPoint School,2526FY,13
ISS.CCHM.MA104.C.1,2 QA FocalPoint School,2526FY,13
ISS.CCHM.MA104.D.1,2 QA FocalPoint School,2526FY,13
ISS.CC.MA002.A.1,2 QA FocalPoint School,2526FY,13
ISS.CC.MA002.B.1,2 QA FocalPoint School,2526FY,13
ISS.CC.MA002.C.1,2 QA FocalPoint School,2526FY,13
ISS.CC.MA002.D.1,2 QA FocalPoint School,2526FY,13
ISS.TC.MA001.A.1,2 QA FocalPoint School,2526FY,13
ISS.TC.MA001.B.1,2 QA FocalPoint School,2526FY,13
ISS.TC.MA001.C.1,2 QA FocalPoint School,2526FY,13
ISS.TC.MA001.D.1,2 QA FocalPoint School,2526FY,13
ISS.CCHM.SC004.A.1,2 QA FocalPoint School,2526FY,13
ISS.CCHM.SC004.B.1,2 QA FocalPoint School,2526FY,13
ISS.CCHM.SC004.C.1,2 QA FocalPoint School,2526FY,13
ISS.CCHM.SC004.D.1,2 QA FocalPoint School,2526FY,13
ISS.CCHM.SC007.A.1,2 QA FocalPoint School,2526FY,13
ISS.CCHM.SC007.B.1,2 QA FocalPoint School,2526FY,13
ISS.CCHM.SC007.C.1,2 QA FocalPoint School,2526FY,13
ISS.CCHM.SC007.D.1,2 QA FocalPoint School,2526FY,13
ISS.CC.SS012.A.1,2 QA FocalPoint School,2526FY,13
ISS.CCPA.CB.LA102.A.1,2 QA FocalPoint School,2526FY,13
ISS.CCPA.CB.LA102.B.1,2 QA FocalPoint School,2526FY,13
ISS.CCPA.CB.LA102.C.1,2 QA FocalPoint School,2526FY,13
ISS.CCPA.CB.LA102.D.1,2 QA FocalPoint School,2526FY,13
ISS.CCPA.LA001.A.1,2 QA FocalPoint School,2526FY,13
ISS.CCPA.LA001.B.1,2 QA FocalPoint School,2526FY,13
ISS.CCPA.CB.MA102.A.1,2 QA FocalPoint School,2526FY,13
ISS.CCPA.CB.MA102.B.1,2 QA FocalPoint School,2526FY,13
ISS.CCPA.CB.MA102.C.1,2 QA FocalPoint School,2526FY,13
ISS.CCPA.CB.MA102.D.1,2 QA FocalPoint School,2526FY,13
ISS.CCPA.MA001.A.1,2 QA FocalPoint School,2526FY,13
ISS.CCPA.MA001.B.1,2 QA FocalPoint School,2526FY,13
ISS.CCPA.MA006.A.1,2 QA FocalPoint School,2526FY,13
ISS.CCPA.MA006.B.1,2 QA FocalPoint School,2526FY,13
ISS.CCPA.MA006.C.1,2 QA FocalPoint School,2526FY,13
ISS.CCPA.MA006.D.1,2 QA FocalPoint School,2526FY,13
ISS.CCPA.MA007.A.1,2 QA FocalPoint School,2526FY,13
ISS.CCPA.MA007.B.1,2 QA FocalPoint School,2526FY,13
ISS.CCPA.MA007.C.1,2 QA FocalPoint School,2526FY,13
ISS.CCPA.MA007.D.1,2 QA FocalPoint School,2526FY,13
ISS.CCPA.MA008.A.1,2 QA FocalPoint School,2526FY,13
ISS.CCPA.MA008.B.1,2 QA FocalPoint School,2526FY,13
ISS.CCPA.MA008.C.1,2 QA FocalPoint School,2526FY,13
ISS.CCPA.MA008.D.1,2 QA FocalPoint School,2526FY,13
ISS.CCPA.CB.SC004.A.1,2 QA FocalPoint School,2526FY,13
ISS.CCPA.CB.SC004.B.1,2 QA FocalPoint School,2526FY,13
ISS.CCPA.CB.SC004.C.1,2 QA FocalPoint School,2526FY,13
ISS.CCPA.CB.SC004.D.1,2 QA FocalPoint School,2526FY,13
ISS.CCPA.SC001.A.1,2 QA FocalPoint School,2526FY,13
ISS.CCPA.SC001.B.1,2 QA FocalPoint School,2526FY,13
ISS.OI.EL007.A.1,2 QA FocalPoint School,2526FY,13
ISS.CTE.AC.001.1,2 QA FocalPoint School,2526FY,13
ISS.CTE.AC.002.1,2 QA FocalPoint School,2526FY,13
ISS.CTE.AC.003.1,2 QA FocalPoint School,2526FY,13
ISS.CTE.AC.004.1,2 QA FocalPoint School,2526FY,13
ISS.CTE.AC.005.1,2 QA FocalPoint School,2526FY,13
ISS.CTE.AC.006.1,2 QA FocalPoint School,2526FY,13
ISS.CTE.AC.007.1,2 QA FocalPoint School,2526FY,13
ISS.CTE.AFN.001.1,2 QA FocalPoint School,2526FY,13
ISS.CTE.AFN.002.1,2 QA FocalPoint School,2526FY,13
ISS.CTE.AFN.003.1,2 QA FocalPoint School,2526FY,13
ISS.CTE.ATC.001.1,2 QA FocalPoint School,2526FY,13
ISS.CTE.ATC.002.1,2 QA FocalPoint School,2526FY,13
ISS.CTE.ATC.003.1,2 QA FocalPoint School,2526FY,13
ISS.CTE.ATC.004.1,2 QA FocalPoint School,2526FY,13
ISS.CTE.ATC.005.1,2 QA FocalPoint School,2526FY,13
ISS.CTE.ATC.006.1,2 QA FocalPoint School,2526FY,13
ISS.CTE.BMA.001.1,2 QA FocalPoint School,2526FY,13
ISS.CTE.BMA.002.1,2 QA FocalPoint School,2526FY,13
ISS.CTE.BMA.003.1,2 QA FocalPoint School,2526FY,13
ISS.CTE.BMA.004.1,2 QA FocalPoint School,2526FY,13
ISS.CTE.BMA.005.1,2 QA FocalPoint School,2526FY,13
ISS.CTE.BMA.007.1,2 QA FocalPoint School,2526FY,13
ISS.CTE.BMA.008.1,2 QA FocalPoint School,2526FY,13
ISS.CTE.BMA.009.1,2 QA FocalPoint School,2526FY,13
ISS.CTE.BMA.010.1,2 QA FocalPoint School,2526FY,13
ISS.CTE.FIN.001.1,2 QA FocalPoint School,2526FY,13
ISS.CTE.FIN.002.1,2 QA FocalPoint School,2526FY,13
ISS.CTE.FIN.003.1,2 QA FocalPoint School,2526FY,13
ISS.CTE.FIN.004.1,2 QA FocalPoint School,2526FY,13
ISS.CTE.FIN.005.1,2 QA FocalPoint School,2526FY,13
ISS.CTE.ED.001.1,2 QA FocalPoint School,2526FY,13
ISS.CTE.ED.002.1,2 QA FocalPoint School,2526FY,13
ISS.CTE.ED.003.1,2 QA FocalPoint School,2526FY,13
ISS.CTE.ED.004.1,2 QA FocalPoint School,2526FY,13
ISS.CTE.HS.001.1,2 QA FocalPoint School,2526FY,13
ISS.CTE.HS.002.1,2 QA FocalPoint School,2526FY,13
ISS.CTE.HS.003.1,2 QA FocalPoint School,2526FY,13
ISS.CTE.HS.004.1,2 QA FocalPoint School,2526FY,13
ISS.CTE.HS.005.1,2 QA FocalPoint School,2526FY,13
ISS.CTE.HS.006.1,2 QA FocalPoint School,2526FY,13
ISS.CTE.IT.001.1,2 QA FocalPoint School,2526FY,13
ISS.CTE.IT.002.1,2 QA FocalPoint School,2526FY,13
ISS.CTE.IT.003.1,2 QA FocalPoint School,2526FY,13
ISS.CTE.IT.004.1,2 QA FocalPoint School,2526FY,13
ISS.CTE.IT.005.1,2 QA FocalPoint School,2526FY,13
ISS.CTE.IT.006.1,2 QA FocalPoint School,2526FY,13
ISS.CTE.IT.007.1,2 QA FocalPoint School,2526FY,13
ISS.CTE.MA.001.1,2 QA FocalPoint School,2526FY,13
ISS.CTE.MA.002.1,2 QA FocalPoint School,2526FY,13
ISS.CTE.STEM.001.1,2 QA FocalPoint School,2526FY,13
ISS.CTE.STEM.002.1,2 QA FocalPoint School,2526FY,13
ISS.CTE.STEM.003.1,2 QA FocalPoint School,2526FY,13
ISS.CTE.STEM.004.1,2 QA FocalPoint School,2526FY,13
ISS.CTE.STEM.005.1,2 QA FocalPoint School,2526FY,13
ISS.CTE.STEM.006.1,2 QA FocalPoint School,2526FY,13
ISS.CTE.STEM.007.1,2 QA FocalPoint School,2526FY,13
ISS.CTE.STEM.008.1,2 QA FocalPoint School,2526FY,13
ISS.CTE.AD.001.1,2 QA FocalPoint School,2526FY,13
ISS.CTE.AD.002.1,2 QA FocalPoint School,2526FY,13
ISS.CTE.AD.003.1,2 QA FocalPoint School,2526FY,13
ISS.CTE.AD.004.1,2 QA FocalPoint School,2526FY,13
ISS.CTE.AD.005.1,2 QA FocalPoint School,2526FY,13
ISS.CTE.AD.006.1,2 QA FocalPoint School,2526FY,13
ISS.HS.CE001.A.1,2 QA FocalPoint School,2526FY,13
ISS.MS.CE001.A.1,2 QA FocalPoint School,2526FY,13
